temperature_C,reduction_ratio_percent,h1_mm,rolling_speed_ms,roller_radius_mm,strip_width_mm,strain_epsilon,friction_coefficient,h2_mm,delta_h_mm,deformation_length_mm,true_strain_phi,strain_rate_phidot,engineering_strain,a_parameter,f1_coefficient,f2_coefficient,force_coeff_kN,torque_coeff_kNm,sigma_mg_MPa,sigma_al_MPa,sigma_avg_MPa,force_basic_kN,torque_basic_kNm
440.0,40.0,3.5,0.5,180.0,50.0,0.39999999999999997,0.2,2.1,1.4,15.859066807350297,0.5108256237659906,0.0161051602206895,0.39999999999999997,1.4342743312012725,1.527574140261174,0.1759215759897758,0.26732547454570543,0.005541529643677938,49.3680465229371,41.8896281575652,44.02631911910003,3.081842338337002,0.5547316209006603
