temperature_C,reduction_ratio_percent,h1_mm,rolling_speed_ms,roller_radius_mm,strip_width_mm,strain_epsilon,friction_coefficient,h2_mm,delta_h_mm,deformation_length_mm,true_strain_phi,strain_rate_phidot,engineering_strain,a_parameter,f1_coefficient,f2_coefficient,force_coeff_kN,torque_coeff_kNm,sigma_mg_MPa,sigma_al_MPa,sigma_avg_MPa,force_basic_kN,torque_basic_kNm
400.0,40.0,3.0,0.3,180.0,50.0,0.39999999999999997,0.2,1.8,1.2,14.6846859006245,0.5108256237659906,0.010435884578455979,0.39999999999999997,1.5491933384829668,1.468372149030653,0.17998307985139791,0.22025582235459798,0.004859543155987744,63.759273586919576,50.40718331076625,54.22206624681006,3.253323974808603,0.5855983154655485
